S.NO,Country_code,Country,Continental_region,NO._OF_Internet_Plans,Average_price_of_1GB_(USD),Cheapest_1GB_for_30_days_(USD),Most_expensive_1GB_(USD),Average_price_of_1GB_(USD__at_the_start_of_2021),Average_price_of_1GB_(USD_–_at_start_of_2020),Internet_users,Population,"Avg_
(Mbit/s)Ookla"
0,IL,Israel,Asia,27,0.05,0.02,20.95,0.11,0.9,6788737,8381516,28.01
1,KG,Kyrgyzstan,Asia,20,0.15,0.1,7.08,0.21,0.27,2309235,6304030,16.3
2,FJ,Fiji,Oceania,18,0.19,0.05,0.85,0.59,3.57,452479,883483,25.99
3,IT,Italy,Europe,29,0.27,0.09,3.54,0.43,1.73,50540000,60627291,37.15
4,SD,Sudan,Africa,33,0.27,0.03,0.92,0.63,0.68,12512639,41801533,9.5
5,RU,Russia,Asia,22,0.29,0.13,1.86,0.52,0.91,124000000,145734038,20.46
6,MD,Moldova,Europe,18,0.32,0.07,2.79,1.12,2.82,3083783,4051944,29.46
7,BD,Bangladesh,Asia,60,0.34,0.11,2.22,0.7,0.99,129180000,166303498,10.43
8,LK,Sri_Lanka,Asia,60,0.38,0,5.53,0.51,0.78,7121116,21228763,13.15
9,CL,Chile,South_America,59,0.39,0.24,1.83,0.71,1.87,14864456,18729160,22.49
10,FR,France,Europe,45,0.41,0.09,118.2,0.81,1.21,59470000,64990511,60.94
11,ID,Indonesia,Asia,53,0.42,0.17,2.94,0.64,2.99,196000000,267670543,17.7
12,BY,Belarus,Europe,14,0.43,0.02,16.62,0.89,2.36,7048231,9452617,9.99
13,SM,San_Marino,Europe,2,0.43,0.24,0.63,1.16,6.86,20100,33785,
14,VN,Vietnam,Asia,46,0.49,0.07,5.55,0.57,1.31,68172134,95545962,33.9
15,DZ,Algeria,Africa,20,0.51,0.16,2.24,0.65,5.15,26350000,42228408,12.44
16,CN,China,Asia,36,0.52,0.3,1.21,0.61,9.89,1010740000,1427647786,83.43
17,WS,Samoa,Oceania,42,0.56,0.19,6.86,10.86,30.09,66023,196129,
18,PK,Pakistan,Asia,60,0.59,0.06,8.59,0.69,1.85,118800000,213756286,16.73
19,KZ,Kazakhstan,Asia,19,0.59,0.25,2.35,0.46,0.49,13913699,18319618,18.71
20,UZ,Uzbekistan,Asia,60,0.6,0.01,23.75,1.34,3.27,16692456,32476244,13.27
21,SO,Somalia,Africa,27,0.6,0.18,6.67,0.5,6.19,294851,15008226,7.95
22,MN,Mongolia,Asia,42,0.6,0.22,3.7,0.74,0.82,729236,3170216,16.69
23,NP,Nepal,Asia,35,0.61,0.22,2.66,0.86,2.25,16190000,28095714,16.45
24,TR,Turkey,Asia,60,0.63,0.05,2.26,0.72,2.25,69945905,82340088,30.48
25,PL,Poland,Europe,60,0.64,0.03,23.02,0.7,1.32,34697848,37921592,40.14
26,GH,Ghana,Africa,34,0.66,0.17,3.47,0.94,1.56,15065541,29767102,8.44
27,IN,India,Asia,58,0.68,0.05,2.73,0.09,0.26,833710000,1352642280,13.67
28,AU,Australia,Oceania,46,0.7,0.1,7.62,0.68,2.47,21159515,24898152,76.52
29,LY,Libya,Africa,16,0.74,0,2.22,4.73,4.87,1387116,6678559,10.4
30,UA,Ukraine,Europe,19,0.75,0.14,35.88,0.46,5.93,31100000,44246156,15.62
31,TZ,Tanzania,Africa,60,0.75,0.28,4.31,0.73,3.71,30000000,56313438,10.39
32,MU,Mauritius,Africa,18,0.75,0.04,6.49,2.48,0.51,702911,1267185,18.09
33,RE,Réunion,Africa,11,0.76,0.24,118.2,0.72,1.65,,,
34,AM,Armenia,Asia,21,0.76,0.22,13.02,1.05,2.51,2043110,2951745,22.01
35,MM,Myanmar,Asia,35,0.78,0,14.15,0.78,0.87,16374103,53708320,24.06
36,DK,Denmark,Europe,34,0.79,0,2.23,0.8,1.36,5407278,5752126,105.65
37,KW,Kuwait,Asia,42,0.81,0.01,6.29,0.77,2.01,4053797,4137312,96.23
38,YT,Mayotte,Africa,16,0.82,0.25,6.8,1.08,2.22,,,
39,KH,Cambodia,Asia,23,0.83,0.1,2,1.5,10.18,5441827,16249792,16.12
40,BT,Bhutan,Asia,42,0.83,0.33,1.06,1.16,1.49,388541,754388,
41,HT,Haiti,North_America,13,0.85,0.27,1.9,2.74,1.25,1353986,11123178,12.49
42,NG,Nigeria,Africa,60,0.88,0.03,5.25,1.39,7.91,136203231,195874685,18.92
43,EH,Western_Sahara,Africa,25,0.88,0.44,5.5,0.99,1.18,,,
44,MA,Morocco,Africa,24,0.88,0.44,5.5,0.99,1.66,22072765,36029093,27.84
45,MY,Malaysia,Asia,60,0.89,0.12,7.26,1.12,1.66,25343685,31528033,25.87
46,GP,Guadeloupe,North_America,9,0.89,0.49,3.55,2.42,6.06,,,
47,CM,Cameroon,Africa,44,0.9,0.6,7.22,2.75,1.71,5580465,25216267,11.88
48,BR,Brazil,South_America,58,0.92,0.18,2.72,1.01,3.5,160010801,209469323,22.3
49,SN,Senegal,Africa,35,0.94,0.3,6.02,3.3,3.28,4698108,15854323,21.44
50,NI,Nicaragua,North_America,30,0.94,0.02,2.82,1.71,65.83,1732218,6465501,18.3
51,MK,North_Macedonia,Europe,18,0.96,0.48,9.6,1.75,3.62,1589659,2082957,64.23
52,FI,Finland,Europe,18,0.97,0.26,1.63,2.14,1.16,4831170,5522576,71.23
53,AF,Afghanistan,Asia,35,1.02,0.38,2.12,1.55,1.6,4068194,37171921,5.5
54,EG,Egypt,Africa,40,1.04,0.02,2.38,1.09,1.49,54740141,98423598,19.73
55,EC,Ecuador,South_America,19,1.06,0.63,3,3.24,6.93,9521056,17084358,17.7
56,TH,Thailand,Asia,60,1.06,0.34,10.32,1.23,2.78,54043108,69428453,33.49
57,MC,Monaco,Europe,3,1.08,0.84,2.37,0.98,1.21,37553,38682,
58,TN,Tunisia,Africa,25,1.09,0.33,3.63,1.37,3.67,6400330,11565201,22.64
59,SG,Singapore,Asia,35,1.09,0.25,74.32,2.47,2.87,4821119,5757499,67.99
60,DJ,Djibouti,Africa,7,1.12,0.47,28.01,1.12,37.92,532849,958923,
61,ZM,Zambia,Africa,60,1.13,0.01,6.8,1.36,2.25,4760715,17351708,10.36
62,IQ,Iraq,Asia,33,1.14,0.68,27.35,4.2,8,18892351,38433600,39.9
63,PE,Peru,South_America,49,1.15,0.85,15.58,2.13,2.48,15674241,31989260,15.64
64,AT,Austria,Europe,60,1.17,0.24,23.43,1.08,1.88,7681957,8891388,56.6
65,RO,Romania,Europe,16,1.18,0.11,11.83,1.03,1.89,12545558,19506114,36.9
66,IS,Iceland,Europe,20,1.23,0.16,17.29,1.46,3.78,329196,336713,
67,ES,Spain,Europe,44,1.24,0.57,57.98,1.81,0.56,42400756,46692858,34.26
68,RW,Rwanda,Africa,47,1.25,0.35,23.1,1.48,3.79,2657770,12301970,
69,TO,Tonga,Oceania,2,1.28,1.09,1.46,3.41,2.92,44558,103197,
70,NE,Niger,Africa,22,1.28,0.47,12.04,3.3,25.52,2194985,22442831,
71,RS,Serbia,Europe,38,1.3,0.17,14.09,1.6,4.83,6182411,8802754,45.81
72,JE,Jersey,Europe,18,1.32,0.54,17.14,1.71,3.82,38958,,
73,SV,El_Salvador,North_America,25,1.33,0.5,7.5,1.45,4.55,1993079,6420746,21.03
74,LT,Lithuania,Europe,23,1.38,0.09,17.75,1.85,2.06,2243448,2801264,50.13
75,EE,Estonia,Europe,34,1.39,0.35,18.93,1.27,3.67,1153786,1322920,55.07
76,JO,Jordan,Asia,42,1.41,0.24,7.05,1.03,1.79,6480202,9965318,19.47
77,GB,United_Kingdom,Europe,60,1.42,0.11,71.29,1.39,6.66,65001016,67141684,48.1
78,IE,Ireland,Europe,12,1.42,0.13,11.64,1.36,3.95,4024552,4818690,30.16
79,SE,Sweden,Europe,58,1.45,0.2,75.08,2.07,3.66,9554907,9971638,73.61
80,GG,Guernsey,Europe,14,1.46,0.16,54.84,1.24,3.05,,,
81,SA,Saudi_Arabia,Asia,60,1.47,0.33,13.33,2.12,5.62,27048861,33702756,102.79
82,UY,Uruguay,South_America,35,1.51,0.1,6.33,1.58,2.8,2360269,3449285,34.43
83,DO,Dominican_Republic,North_America,22,1.51,0.33,18.17,0.74,1.28,6997472,10627141,20.7
84,IR,Iran,Asia,52,1.52,0.22,6.21,0.75,1.88,78086663,81800188,24.9
85,UG,Uganda,Africa,60,1.56,0.45,22.71,1.62,5.02,10162807,42729036,15.99
86,HN,Honduras,North_America,22,1.56,0.69,50,3.12,4.69,2977793,9587522,20.73
87,GF,French_Guiana,South_America,9,1.58,0.82,5.91,3.61,13.41,,,
88,AO,Angola,Africa,20,1.61,1.03,3.21,5.29,7.95,4271053,30809787,22.59
89,PW,Palau,Oceania,6,1.67,1,2.5,2.5,8.34,,,
90,TL,East_Timor,Asia,15,1.67,0.83,2.5,2.08,4.48,356356,1267974,
91,HU,Hungary,Europe,21,1.7,0.16,8.04,5.32,2.91,7461297,9707499,41.32
92,PS,Palestine,Asia,17,1.71,0.46,3.64,3.26,6.56,3208312,,4.89
93,ET,Ethiopia,Africa,3,1.71,1.41,4.17,2.44,2.06,19543075,109224414,21.08
94,SI,Slovenia,Europe,28,1.72,0.02,88.68,1.48,2.21,1640893,2077837,54.57
95,DM,Dominica,North_America,17,1.76,1.11,14.62,4.92,14.6,51467,71625,
96,PH,Philippines,Asia,30,1.77,0.95,8.21,1.42,3.16,73003313,106651394,19.48
97,GE,Georgia,Europe,20,1.8,0.3,7.98,0.93,5.63,3446533,4002942,30.67
98,IM,Isle_of_Man,Europe,14,1.8,0.42,34.28,1.66,3.33,,,
99,AZ,Azerbaijan,Asia,42,1.82,0.24,9.8,1.86,6.42,7763795,9949537,30.4
100,TT,Trinidad_and_Tobago,North_America,12,1.9,0.21,143.18,5.92,2.69,1058744,1389843,28.37
101,MO,Macau,Asia,19,1.93,0.99,8.29,2.89,17.1,,,50.16
102,GT,Guatemala,North_America,24,1.94,1.29,5.14,2.17,4.84,11750000,17247849,17.3
103,SR,Suriname,South_America,12,1.94,1.72,2.73,4.92,6.08,275785,575990,40.7
104,GN,Guinea,Africa,19,1.99,0.79,4.96,2.08,4.53,1449758,12414293,
105,AS,American_Samoa,Oceania,11,2,1.33,2.92,2.5,1.94,,,
106,VI,U.S._Virgin_Islands,North_America,11,2,0.5,8.33,4.67,4.97,67535,104680,
107,MT,Malta,Europe,27,2.01,0.82,59.04,3.62,13.1,344970,439248,49.66
108,BI,Burundi,Africa,54,2.1,0.09,5.12,2.12,18.79,607311,11175374,
109,BH,Bahrain,Asia,24,2.12,1.27,8.49,2.27,2,1431090,1569446,53.08
110,OM,Oman,Asia,60,2.12,0.13,8.67,4.58,11.28,3717818,4829473,44.47
111,ME,Montenegro,Europe,21,2.12,0.14,5.9,3.94,2.83,505055,627809,41.93
112,GU,Guam,Oceania,23,2.14,1,70,2,4.26,132221,165768,
113,MP,Northern_Mariana_Islands,Oceania,18,2.15,1,60,2.65,12.97,,,
114,BO,Bolivia,South_America,48,2.18,0.87,14.44,5.09,5.99,4843916,11353142,14.1
115,BN,Brunei,Asia,9,2.23,1.78,7.43,2.64,8.51,406705,428963,71.38
116,SZ,Eswatini,Africa,9,2.24,0.69,2.8,13.31,5.25,414278,1136281,
117,KE,Kenya,Africa,50,2.25,0.26,10.93,1.05,2.73,8861485,51392565,16.93
118,PG,Papua_New_Guinea,Oceania,18,2.26,0.71,9.61,5.4,12.14,924955,8606323,
119,BG,Bulgaria,Europe,21,2.26,0.63,84.5,2.22,11.51,4492326,7051608,87.51
120,HK,Hong_Kong_China,Asia,52,2.3,0.21,10.73,2.55,7.15,6585678,7371730,47.34
121,HR,Croatia,Europe,26,2.35,0.26,12.92,2.48,4,2811056,4156405,86.48
122,CR,Costa_Rica,North_America,15,2.36,1.6,2.94,2.74,4.89,3511549,4999441,17.46
123,BL,Saint_Barthélemy_(St._Barts),North_America,17,2.36,0.59,106.49,4.06,5.04,,,
124,AR,Argentina,South_America,28,2.38,0.44,11.47,1.45,7.4,33561876,44361150,20.64
125,BA,Bosnia_and_Herzegovina,Europe,24,2.39,0.63,21.26,3.04,3.05,2320000,3323925,28.49
126,VC,Saint_Vincent_and_the_Grenadines,North_America,13,2.41,1.48,3.33,3.33,3.58,72048,110211,
127,GD,Grenada,North_America,13,2.44,1.84,4.44,5.37,12,63692,111454,
128,PY,Paraguay,South_America,27,2.53,0.73,9.12,2.3,11.56,4160340,6956066,15.15
129,CI,Côte_d'Ivoire,Africa,29,2.58,1.17,18.06,3.2,6.18,10650818,25069230,
130,LR,Liberia,Africa,40,2.59,1.55,20,3.25,3.75,377607,4818973,
131,TJ,Tajikistan,Asia,22,2.6,0.87,13.12,4.65,4.1,1959127,9100835,7.05
132,LC,Saint_Lucia,North_America,14,2.62,1.46,4.44,3.27,4.84,90889,181889,
133,FO,Faroe_Islands,Europe,11,2.64,1.1,163.9,2.41,9.78,48097,48497,
134,LS,Lesotho,Africa,27,2.66,1.29,9.02,2.13,7.19,665312,2108328,
135,ZA,South_Africa,Africa,60,2.67,0.12,34.95,4.3,7.77,31858027,57792518,33.62
136,JM,Jamaica,North_America,11,2.74,0.86,9.6,3.88,2.43,1409888,2934847,30.84
137,AX,Åland_Islands,Europe,7,2.75,2.35,8.81,3.24,4.64,,,
138,GI,Gibraltar,Europe,5,2.78,1.67,2.98,7.38,3.1,32494,33718,
139,MZ,Mozambique,Africa,19,2.79,0.19,6.98,3.33,12.82,6162217,29496004,15.66
140,AL,Albania,Europe,32,2.8,0.72,96.39,2.83,5.28,2105339,2882740,40.48
141,CO,Colombia,South_America,60,2.8,0.42,9.88,3.46,3.22,30548252,49661048,12.35
142,CG,Congo,Africa,8,2.88,1,7.64,1.94,4.57,455055,5244359,
143,BZ,Belize,North_America,27,2.97,1.48,6.82,3.25,4.39,176400,383071,
144,LU,Luxembourg,Europe,20,3,1.42,7.1,3.89,13.95,570794,604245,82.85
145,LI,Liechtenstein,Europe,17,3.1,0.19,24.06,4.01,7.99,37201,37910,
146,NL,The_Netherlands,Europe,24,3.11,0.77,15.97,2.98,4.62,,,
147,LA,Laos,Asia,25,3.19,0.18,4.25,4.16,3.42,1749517,7061507,23.41
148,QA,Qatar,Asia,9,3.2,1.1,4.39,4.12,12.57,2532059,2781682,120.69
149,KM,Comoros,Africa,25,3.21,0.6,96.41,4.38,5.27,69020,832322,
150,MV,Maldives,Asia,23,3.24,1.85,12.95,3.88,5.79,275717,515696,47.93
151,SL,Sierra_Leone,Africa,21,3.26,2.17,4.4,3.69,9.22,1000575,7650150,
152,ML,Mali,Africa,42,3.28,1.2,169.79,4.12,12.37,2358540,19077749,
153,US,United_States,North_America,45,3.33,1,30,8,8.34,312320000,327096265,61.12
154,DE,Germany,Europe,60,3.38,0.35,11.83,4.06,6.96,77794405,83124418,55.7
155,JP,Japan,Asia,35,3.38,0.88,45.53,3.91,10.4,117400000,127202192,44.05
156,MF,SaintMartin_(France),North_America,40,3.46,0.59,106.49,3.32,8.46,,,
157,MQ,Martinique,North_America,18,3.46,0.59,106.49,2.6,7.12,,,
158,LV,Latvia,Europe,22,3.49,0.29,70.87,3.79,18.12,1585471,1928459,41.6
159,CK,Cook_Islands,Oceania,9,3.5,1.49,11.42,NO_PACKAGES,5.56,,,
160,SK,Slovakia,Europe,45,3.55,1.04,35.5,3.84,7.38,4446926,5453014,33.44
161,BJ,Benin,Africa,37,3.61,0.45,60.21,27.22,20.99,1578008,11485044,
162,MX,Mexico,North_America,45,3.62,1.2,12.06,4.77,15.05,92010000,128972439,29.81
163,KN,Saint_Kitts_and_Nevis,North_America,16,3.7,1.85,24.42,11.07,14.9,44669,52441,
164,PT,Portugal,Europe,21,3.85,1.18,14.15,4.97,13.98,7622142,10256193,64.3
165,AI,Anguilla,North_America,13,3.85,1.11,15.91,5.92,14.12,12043,14731,
166,BW,Botswana,Africa,30,3.92,1.63,36.23,13.87,16.79,948977,2254068,24.14
167,GL,Greenland,North_America,3,3.97,2.22,11.43,9.56,11.12,39242,56564,
168,PR,Puerto_Rico_(U.S.),North_America,19,4,0.5,20,9.17,14.61,2664928,3039596,
169,MS,Montserrat,North_America,12,4.01,1.11,29.23,8.33,4.92,2833,4993,
170,SX,Sint_Maarten,North_America,21,4.17,0.83,6.92,4.66,21.64,,,
171,PF,French_Polynesia,Oceania,30,4.2,1.65,52.66,15.42,4.96,205746,277679,
172,GW,GuineaBissau,Africa,9,4.41,2.25,36.12,4.12,11.71,73148,1874303,
173,AG,Antigua_and_Barbuda,North_America,39,4.44,1.48,42.18,7.17,12.7,77529,96286,
174,AW,Aruba_(Netherlands),North_America,17,4.44,0.74,8.96,9.11,5.56,15877494,17059560,108.33
175,AW,Aruba_(Netherlands),North_America,17,4.44,0.74,8.96,9.11,5.56,102285,105845,108.33
176,PA,Panama,North_America,8,4.49,2,7.48,6.69,4.69,2371852,4176869,17.03
177,BF,Burkina_Faso,Africa,31,4.52,2.35,18.06,2.47,10.26,3047909,19751466,
178,SJ,Svalbard_and_Jan_Mayen,Europe,13,4.65,0.58,29.03,5.9,11.76,,,
179,TG,Togo,Africa,18,4.69,2.03,40.64,4.5,15.12,963795,7889093,34.42
180,KR,South_Korea,Asia,18,4.72,0.06,96.88,10.94,9.21,49421084,51171706,117.95
181,CV,Cabo_Verde,Africa,24,4.78,1.07,48.35,4.81,4.25,312315,543767,
182,LB,Lebanon,Asia,15,4.81,1.21,77.7,3.82,5.84,4755187,6859408,16.38
183,LB,Lebanon,Asia,15,4.81,1.21,77.7,3.82,5.84,4755187,6859408,16.38
184,GA,Gabon,Africa,52,4.82,1.06,18.06,4.89,3.39,1040000,2119275,
185,MG,Madagascar,Africa,36,5.14,0.66,50.09,8.81,7.24,2505948,26262313,
186,CH,Switzerland,Europe,14,5.24,1.6,17.83,8.38,20.22,7942864,8525611,82.29
187,GY,Guyana,South_America,17,5.25,3.82,9.52,5.46,12.3,290375,779006,
188,BE,Belgium,Europe,37,5.28,1.48,21.3,4.88,3.12,10021242,11482178,58.65
189,MR,Mauritania,Africa,13,5.56,2.78,13.91,4.63,9.49,919398,4403313,
190,TW,Taiwan,Asia,42,5.67,0.42,46.67,5.91,12.02,21920626,23726460,53.93
191,CA,Canada,North_America,60,5.72,0.8,79.54,12.55,13.21,33950632,37064562,75.18
192,NO,Norway,Europe,21,5.81,1.74,29.03,5.28,5.33,5120225,5337962,134.73
193,GM,Gambia,Africa,31,5.86,2.37,97.71,5.1,6.89,416753,2280094,
194,BS,Bahamas,North_America,17,5.98,3.99,10.74,6.02,4.94,336057,385637,26.77
195,VU,Vanuatu,Oceania,23,6.06,0.75,28.23,4.25,NO_PACKAGES,71050,292680,
196,TV,Tuvalu,Oceania,9,6.35,5.72,10.17,NO_PACKAGES,12.42,5520,11508,
198,CW,Curaçao,North_America,17,6.47,2.78,14.34,11.06,16.91,,,
199,NC,New_Caledonia,Oceania,14,6.49,2.1,210.16,4.81,7.21,226557,279993,
200,BB,Barbados,North_America,11,6.79,4.94,64.24,9.32,15.82,233604,286641,
201,NZ,New_Zealand,Oceania,36,6.99,1.22,27.98,6.06,9.79,4273353,4743131,49.49
202,SY,Syria,Asia,14,7.15,0.19,38.8,6.55,4.14,6257430,16945057,13.24
203,NU,Niue,Oceania,10,7.37,4.48,28.69,4.5,9.2,1034,1620,
204,AD,Andorra,Europe,7,7.49,1.06,65.07,9.54,12.58,76095,77006,
205,CU,Cuba,North_America,9,7.5,3.2,12.5,13.33,NO_PACKAGES,5638956,11338134,9.1
206,IO,British_Indian_Ocean_Territory,Asia,3,7.5,6.67,10,7.5,9.31,,,
207,AE,United_Arab_Emirates,Asia,51,7.62,0.8,34.3,3.78,10.23,8913217,9630959,135.35
208,NR,Nauru,Oceania,1,7.62,7.62,7.62,30.47,28.13,6475,10670,
209,SB,Solomon_Islands,Oceania,22,7.83,3.14,12.55,8.53,8.37,72872,652857,
210,FM,Micronesia,Oceania,7,7.85,0.99,59.16,7.2,12.87,37257,112640,
211,TC,Turks_and_Caicos_Islands,North_America,15,8,5,23,13.33,23.09,,,
212,CZ,Czech_Republic,Europe,34,8.15,0.94,36.05,7.95,32.71,8358728,10665677,44.55
213,GR,Greece,Europe,22,8.16,1.06,768.87,12.06,4.91,7923438,10522246,59.42
214,SC,Seychelles,Africa,21,8.64,2.36,22.67,11.43,19.55,55677,97096,
215,CY,Cyprus,Asia,22,8.84,2.06,59.1,13.56,20.25,952369,1189265,75.48
216,CF,Central_African_Republic,Africa,13,9.03,3.01,60.21,8.25,6.03,202204,4666368,
217,VG,Virgin_Islands_(British),North_America,32,9.54,3.38,29.9,12.5,18.55,,,
218,KI,Kiribati,Oceania,28,9.94,2.35,22.87,10.5,11.05,16971,115847,
219,BQ,North_America_Netherlands,North_America,13,10.94,6.25,24,9.95,9.57,,,
220,KY,Cayman_Islands,North_America,17,11.97,4.79,41.48,23.05,26.79,49906,64174,
221,CC,Cocos_(Keeling)_Islands,Oceania,2,13.47,7.62,19.32,16.98,NO_PACKAGES,,,
222,YE,Yemen,Asia,17,15.98,0.4,39.94,15.98,15.73,7548512,28498683,16.89
223,BM,Bermuda,North_America,21,19.8,4.17,100,28.75,37.74,60349,62756,
224,TK,Tokelau,Oceania,6,20.48,15.54,27.98,17.75,29.96,,,
225,TM,Turkmenistan,Asia,4,21.41,7.14,30.44,11.44,19.81,1223591,5850901,
227,TD,Chad,Africa,15,23.33,2.21,45.16,23.33,23.33,968500,15477729,
228,MW,Malawi,Africa,5,25.46,20.37,25.46,27.41,3.59,2566126,18143217,17.95
229,ST,São_Tomé_and_Príncipe,Africa,16,30.97,13.27,121.65,28.26,5.33,61155,211028,
230,SH,Saint_Helena_Ascension_and_Tristan_da_Cunha,Africa,4,39.87,38.57,51.42,52.5,6.04,2906,6035,
231,FK,Falkland_Islands,South_America,4,44.56,29.71,82.26,40.41,55.47,2881,3234,
232,GQ,Equatorial_Guinea,Africa,4,49.67,45.16,63.22,12.78,47.39,332642,1308975,